Description,Price
Sainsburys Chicken Thigh Fillets 640g,3.40/unit
Sainsburys Mini Chicken Breast Fillets 320g,2.00/unit
Sainsburys Chicken Thighs 1kg,1.95/unit
Sainsburys Chicken Breast Fillets 300g,1.70/unit
Sainsburys Chicken Drumsticks 1kg,1.70/unit
Sainsburys Chicken Thigh Fillets 320g,1.85/unit
Sainsburys Chicken Breast Diced 410g,2.40/unit
Sainsburys Chicken Small Whole Bird 1.35kg,2.80/unit
Sainsburys Chicken Thighs & Drumsticks 540g,1.00/unit
Sainsburys Chicken Breast Fillets 640g,3.60/unit
Sainsburys Chicken Breast Fillets 1kg,5.50/unit
Sainsburys Chicken Kiev Garlic x2 260g,2.20/unit
Sainsburys Cooked Chicken Slices Butter Roast  Taste the Difference 120g,3.00/unit
Sainsburys British Roast Chicken Breast Slices x7 135g,1.75/unit
Sainsburys Cooked Roast Chicken Breast Fillets x2 240g,3.50/unit
Sainsburys Whole Chicken 1.9kg,3.90/unit
Sainsburys Whole Chicken Free Range  Taste the Difference (approx. 900g-2.2kg),6.30/kg
Sainsburys Free Range Chicken Thigh Fillets  Taste the Difference (approx. 360g),11.30/kg
Sainsburys Free Range Chicken Breast Fillets  SO Organic (approx. 360g),20.95/kg
Sainsburys British Cooked Chicken Slices 115g,1.00/unit
Sainsburys Chargrilled Chicken Breast Slices 160g,2.00/unit
Bernard Matthews Chicken Chunks 90g,1.10/unit
Sainsburys Roast in the Bag Whole British Chicken with Pork  Sage & Onion Stuffing 1.35kg,4.50/unit
Sainsburys Ham & Cheese Chicken Kiev x2 260g,2.20/unit
Sainsburys British Roast Boneless Chicken Breasts x4 480g,6.50/unit
Sainsburys Free Range Chicken Breast Fillets  Taste the Difference x2 (approx. 310g),18.00/kg
Sainsburys British Cooked Chicken Wafer Thin Sliced 400g,2.20/unit
Sainsburys Garlic & Herb Chicken Kiev  Be Good To Yourself x2 260g,2.20/unit
Sainsburys Free Range Chicken Breast Fillets  Taste the Difference (approx. 590g),17.20/kg
Sainsburys Whole Chicken 1.6kg,3.30/unit
Sainsburys Breaded Chicken Goujons 270g,1.60/unit
Sainsburys Roast Sliced Chicken Breast 160g,2.00/unit
Sainsburys Mini Chicken Breast Fillets 640g,3.65/unit
Sainsburys Free Range Whole Chicken  SO Organic (approx. 900g-2.2kg),7.45/kg
Sainsburys Whole Chicken Corn Fed (approx. 900g-2.2kg),4.85/kg
Sainsburys Just Cook Chicken Breast Joint Butter Basted 500g (Serves 3),4.25/unit
Sainsburys Breaded Chicken Goujons 540g,3.20/unit
Sainsburys Sweet & Smokey Chicken Breast 160g,2.50/unit
Sainsburys Sweet Chilli Sliced Chicken Breast 160g,2.50/unit
Sainsburys Tikka Sliced Chicken Breast 160g,2.50/unit
Sainsburys Chicken Wings 1kg,1.70/unit
Sainsburys Garlic Chicken Kiev 390g,4.00/unit
Sainsburys Roast in the Bag Garlic & Parsley Basted Whole British Chicken  Garlic & Parsley Basted 1.4kg,4.50/unit
Sainsburys Roast Chicken & Stuffing Slices 100g,1.75/unit
Sainsburys Roast in the Bag British Chicken Crown with Lemon  Garlic & Thyme 700g,4.45/unit
Sainsburys Southern Fried Breaded Chicken Mini Fillets 300g,2.70/unit
Sainsburys Wafer Thin Cooked Chicken 70g,60p/unit
Sainsburys Free Range Chicken Thigh Fillets  SO Organic (approx. 360g),18.75/kg
Sainsburys Chargrilled Chicken Breast Slices 300g,4.00/unit
Sainsburys Free Range Chicken Thigh & Drumsticks  Taste the Difference (approx. 340g),7.90/kg
Sainsburys British Fresh Chicken Liver 400g,1.00/unit
Sainsburys Cooked Chicken Breast Fillets x2 200g,3.50/unit
Sainsburys Southern Fried Breaded Chicken Breast Fillets x2 315g,3.00/unit
Sainsburys Roast Chicken Thighs 500g,3.00/unit
Sainsburys Corn Fed Chicken Breast Skin On (approx. 370g),15.90/kg
Sainsburys Breaded Chicken Fillets x2 350g,3.00/unit
Sainsburys Breaded Mini Chicken Fillets 305g,2.70/unit
Sainsburys British Fresh Cajun Chicken Breast Grills x2 310g,2.95/unit
Sainsburys Free Range Chicken Thigh & Drumsticks  SO Organic (approx. 650g),7.45/kg
Sainsburys Roast Whole Cooked Chicken (approx. 1kg),5.50/unit
Sainsburys Roast Chicken Drumsticks 500g,3.00/unit
Sainsburys Just Cook Chicken Breast with Pork  Sage & Onion Stuffing 500g (Serves 3),4.25/unit
Sainsburys Whole Chicken (approx. 2.2kg),2.05/kg
Sainsburys Free Range Chicken Mini Fillets  SO Organic (approx. 240g),25.70/kg
Sainsburys Firecracker Chicken Breast Slices 160g,2.50/unit
Sainsburys Roast in the Bag Whole British Chicken  Stock Basted with Lemon & Black Pepper 1.9kg,6.00/unit
Sainsburys Roast in the Bag British Chicken Crown with Salt  Pepper & Garlic 700g,4.45/unit
Sainsburys Norfolk Black Corn Fed Free Range Chicken Fillets (approx. 335g),19.35/kg
Sainsburys Just Cook Chicken Breasts with Cheese and Bacon 321g (Serves 2),4.00/unit
Sainsburys Breaded Chicken Steaks x4 500g,3.70/unit
Sainsburys Chicken Breast Fillets 1.6kg,8.45/unit
Sainsburys Hunters Style Chicken Breast 435g (Serves 2),4.00/unit
Sainsburys Garlic & Herb Cooked Chicken Breast Slices 160g,2.50/unit
Sainsburys Corn Fed Chicken Breast Fillets (approx. 695g),15.90/kg
Sainsburys Breaded British Chicken Nuggets 250g,2.00/unit
Sainsburys Firecracker Chicken Fillets x2 350g,3.00/unit
Sainsburys Chicken Leg Pack 1kg,1.85/unit
Sainsburys Corn Fed Chicken Thigh & Drumsticks (approx. 550g),6.55/kg
Sainsburys Curried Coconut & Lime Chicken Breast Mini Fillets 120g,2.25/unit
J.James & Family British Sliced Cooked Chicken Breast 160g,1.75/unit
Sainsburys Fresh For Freezing Chicken Breast Fillets 1.28kg,10.50/unit
Sainsburys Norfolk Black Free Range Whole Chicken (approx. 1.65kg),6.70/kg
Bernard Matthews Ham & Cheese Turkey Escalopes 285g,2.10/unit
Sainsburys Beer Bourbon BBQ Chicken Wings 350g,2.50/unit
Sainsburys BBQ Chicken Drumsticks 350g,2.50/unit
Sainsburys Just Cook Chicken Breasts with Red Pesto 427g (Serves 2),4.00/unit
Bernard Matthews Turkey Escalopes 260g,2.10/unit
Sainsburys Firecracker Chicken Breast Mini Fillets 120g,2.25/unit
Sainsburys Roast in the Bag Whole British Chicken with Salt & Pepper 1.35kg,5.25/unit
Sainsburys Corned Beef Crispbake 227g,1.60/unit
Sainsburys Firecracker Chicken Wings 350g,2.25/unit
Sainsburys Gluten Free Battered Chicken Chunks 310g,3.00/unit
Sainsburys Just Cook British Chicken Breasts With Sweet Chilli Marinade 330g (Serves 2),3.25/unit
Sainsburys Cheese & Bacon Crispbake 227g,1.60/unit
Sainsburys Firecracker Mini Chicken Fillets 305g,2.70/unit
Sainsburys Gluten Free Coated Chicken Breast Fillet 330g,3.00/unit
Sainsburys Just Cook British Chicken Breasts with a Tomato  Mozzarella & Basil Sauce 415g,3.75/unit
Sainsburys Tikka Chicken Breast Chunks 250g,4.00/unit
Sainsburys Just Cook Chicken Lattice Cheese & Bacon 401g (Serves 2),4.00/unit
Sainsburys Sweet Chilli Chicken Wings 350g,2.50/unit
J.James & Family 4 British Breaded Chicken Steaks 500g,1.80/unit
Sainsburys Plain Breaded British Chicken Pop Selection 300g,2.75/unit
J.James & Family 2 Breaded British Chicken Kievs with Garlic Butter 240g,1.20/unit
Sainsburys Cheese & Onion Crispbake 227g,1.60/unit
Sainsburys Breaded British Chicken Burgers x2 230g,2.00/unit
Sainsburys Just Cook British Chicken Breasts With Spinach & Ricotta 360g (Serves 2),4.00/unit
Sainsburys Sweet Chilli British Chicken Thighs   Summer Edition 900g,4.25/unit
Sainsburys Just Cook British Chicken Breasts with a Mediterranean Style Tomato Marinade 339g,3.25/unit
Sainsburys Roast Fire Grilled Breast Chunks 250g,4.00/unit
Sainsburys Slow Cooked British Chicken Breasts With Creamy Bacon & Mushroom Sauce 470g (Serves 2),5.00/unit
Sainsburys Chicken Roast with Chicken Gravy 390g (Serves 2),3.50/unit
Sainsburys Lemon  Garlic & Herb British Chicken Mini Fillets 120g,2.25/unit
Sainsburys Southern Fried Chicken Goujons 270g,2.00/unit
Sainsburys Just Cook British Chicken Breasts With Cajun & Red Pepper Marinade 355g (Serves 2),4.00/unit
Sainsburys Just Cook British Spatchcock Chicken with a Lemon & Herb Marinade 1.142kg,5.50/unit
Sainsburys Oak Smoked Chargrilled Mini British Chicken Fillets 120g,2.00/unit
Sainsburys Chicken Drum Fillets 500g,2.30/unit
Sainsburys Slow Cook Buffalo Chicken Wings 600g (Serves 4),4.00/unit
Sainsburys Slow Cook Chicken Casserole 525g (Serves 2),4.50/unit
Sainsburys Tandoori Pulled Chicken Drumsticks 350g,2.50/unit
Sainsburys Tandoori Pulled Chicken Drumsticks 350g,2.50/unit
