Description,Price
Tesco British Salted Block Butter 250G,1.49
Tesco British Unsalted Butter 250G,1.49
Tesco Gala Apple Minimum 5 Pack,1.60
Tesco Blueberries 250G,3.00
Tesco Red Seedless Grapes 500G,2.00
Tesco Maris Piper Potatoes 2.5Kg,1.55
Tesco 2 Boneless Salmon Fillets 260G,3.85
Tesco British Chicken Breast Portions 650G,3.80
Jaffa Clementine Or Sweet Easy Peeler 600G,1.85
Tesco Clementine Or Sweet Easy Peeler Pack 600G,1.35
Tesco Strawberries 400G,2.00
Tesco British Semi Skimmed Milk 1.13L  2 Pints,0.80
Tesco Baby Plum Tomatoes 325G,Sold out
Tesco Sweet Peppers 500G,Sold out
Tesco Brown Onions Minimum 3 Pack 385G,0.85
Tesco Cherry Tomatoes 330G,Sold out
Tesco British Skimmed Milk 2.272L  4 Pints,1.10
Tesco Lemons Each,Sold out
Tesco Salad Tomatoes 6 Pack,0.75
Tesco Small Ripe Bananas 6 Pack,0.75
Tesco British Semi Skimmed Milk 2.272L  4 Pints,1.10
Tesco Ripe Bananas 5 Pack,0.89
Tesco Whole Cucumber Each,0.57
Tesco Cauliflower Each,0.89
Tesco Perfectly Imperfect Carrots 1.5Kg,0.60
Tesco Closed Cup Mushrooms 300G,0.71
Tesco Bunched Spring Onions 100G,0.48
Tesco Iceberg Lettuce Each,0.62
Tesco Red Peppers Each,0.45
Tesco British Whole Milk 2.272L  4 Pints,1.10
Tesco Pre Pack Broccoli 350G,0.55
Rosedene Farms Blueberries 125G,0.99
Tesco Garlic Each,0.16
Redmere Farms Carrots 1Kg,0.49
Tesco Bananas Loose,0.13
Tesco Beef Lean Steak Mince 5% Fat 750G,3.74
Tesco Beef Lean Steak Mince 500G 5% Fat,2.79
Cathedral City Mature Cheddar Cheese 550 G,5.50
Lurpak Slightly Salted Spreadable 500G,2.75
Tesco British Wafer Thin Honey Roast Ham 125G,2.00
Tesco Pink Lady Apple Minimum 5 Pack,2.60
Cathedral City Mature Cheddar Cheese 350 G,2.50
Tesco Finest Baby Potatoes 750G,1.50
Tesco Strawberries 600G,3.00
Tesco Braeburn Apple Minimum 5 Pack,1.60
Tesco Smoked Back Bacon Rashers 300G,Sold out
Cravendale Semi Skimmed Milk 2 Litre,1.85
Tesco Green Seedless Grapes Pack 500G,2.00
